,Mean,Standard deviation,N,Formatted
C1'-C2'-O2',112.92125,1.3698560447482517,19,112.9(14)
C3'-C2'-O2',113.31700000000001,0.9244915719824964,19,113.3(9)
C2'-C3'-O3',111.94984210526316,2.541501202551967,19,111.9(25)
