,Mean,Standard deviation,N,Formatted
C3'-C4'-C5',113.79788732394368,1.306484252261944,71,113.8(13)
C5'-C4'-O4',109.90867605633802,1.1826375821460384,71,109.9(12)
