,Mean,Standard deviation,N,Formatted
C4'-C5',1.5183145454545453,0.008747916570142962,33,1.518(9)
C3'-C4'-C5',114.49496969696968,1.1521419043690024,33,114.5(12)
C5'-C4'-O4',107.80263636363635,0.9261893306103027,33,107.8(9)
