,Mean,Standard deviation,N,Formatted
C4'-C3'-O3',110.66391764705884,2.3259014173493004,340,110.7(23)
