,Mean,Standard deviation,N,Formatted
C4'-C3'-O3',109.75797826086955,2.056883735853565,92,109.8(21)
