,Mean,Standard deviation,N,Formatted
C1'-C2'-O2',108.72910958904112,2.3339289749359686,98,108.7(23)
C3'-C2'-O2',110.42697260273972,2.11220511401791,98,110.4(21)
C2'-C3'-O3',113.40910204081635,2.1410207195258737,98,113.4(21)
