,Mean,Standard deviation,N,Formatted
C4'-C5',1.5193967741935483,0.008112640501956097,31,1.519(8)
