,Mean,Standard deviation,N,Formatted
C4'-C5'-O5',109.71438095238098,1.7757590060644624,21,109.7(18)
