,Mean,Standard deviation,N,Formatted
C4'-C5'-O5',112.78089999999999,1.6693735727582755,60,112.8(17)
