,Mean,Standard deviation,N,Formatted
C4'-C5'-O5',110.01507317073171,1.8688130108473124,41,110.0(19)
