,Mean,Standard deviation,N,Formatted
C4'-C5',1.508532549019608,0.00971841588802153,51,1.509(10)
