,Mean,Standard deviation,N,Formatted
C4'-C5',1.5097589473684212,0.009077110892562155,209,1.510(9)
