,Mean,Standard deviation,N,Formatted
C5'-O5',1.4213169072164948,0.01050433799002121,291,1.421(11)
