,Mean,Standard deviation,N,Formatted
C4'-C5'-O5',110.99860000000001,0.8312766887946099,10,111.0(8)
