,Mean,Standard deviation,N,Formatted
C4'-C5'-O5',111.51914765100673,1.654718933330415,149,111.5(17)
