,Mean,Standard deviation,N,Formatted
C1'-C2'-C3',103.85191999999999,1.3762104647666853,25,103.852(1376)
C2'-C3'-C4',103.23883199999999,1.347636773120513,25,103.239(1348)
C3'-C4'-O4',105.47452,1.6420812281979216,25,105.475(1642)
C1'-O4'-C4',108.20947999999997,1.5294875536161336,25,108.209(1529)
