,Mean,Standard deviation,N,Formatted
C3'-C4',1.531320625,0.00859438148706241,32,1.531(9)
C2'-O2',1.4131500000000001,0.007882360052674535,32,1.413(8)
C2'-C1'-O4',106.2264375,1.265319771836354,32,106.2(13)
