,Mean,Standard deviation,N,Formatted
C1'-C2'-C3',101.27470779220778,0.9338082900521181,77,101.275(934)
C2'-C3'-C4',101.98745584415586,0.933479606871869,77,101.987(933)
C3'-C4'-O4',104.15732467532469,0.7804770882634349,77,104.157(780)
C1'-O4'-C4',109.91036363636366,0.6731192494078926,77,109.910(673)
