,Mean,Standard deviation,N,Formatted
N1-C1'-C2'/N9-C1'-C2',114.23887292817685,1.3506163080389721,181,114.239(1351)
C1'-N1-C2/C1'-N9-C4,126.8679779005525,1.7947033055813042,181,126.868(1795)
C1'-N1-C6/C1'-N9-C8,127.01687292817681,1.809465943429086,181,127.017(1809)
N1-C1'-O4'/N9-C1'-O4',108.11356906077349,0.9975002544882453,181,108.114(998)
