,Mean,Standard deviation,N,Formatted
C4'-C5'-O5',110.22851785714286,1.87558449547743,56,110.2(19)
