,Mean,Standard deviation,N,Formatted
C3'-C4'-C5',115.72495121951228,1.2028756411245272,328,115.7(12)
C5'-C4'-O4',109.3578597560976,1.0093267680062816,328,109.4(10)
