,Mean,Standard deviation,N,Formatted
C1'-C2'-C3',101.23409384615375,0.967346255937638,130,101.234(967)
C2'-C3'-C4',102.70610000000002,0.7949273756502159,130,102.706(795)
C3'-C4'-O4',106.0378230769231,0.7786127543064995,130,106.038(779)
C1'-O4'-C4',109.69701538461538,0.8011560637735746,130,109.697(801)
