,Mean,Standard deviation,N,Formatted
C3'-C4',1.5265469932432432,0.009612948686755357,296,1.527(10)
C2'-O2',1.4095144615384614,0.008591372999578649,296,1.410(9)
C2'-C1'-O4',106.04780405405401,0.7898058989936729,296,106.0(8)
