,Mean,Standard deviation,N,Formatted
C4'-O4',1.4502968224299064,0.008567972637319798,214,1.450(9)
