,Mean,Standard deviation,N,Formatted
C1'-C2'-C3',103.31914285714285,1.3185977941954625,7,103.319(1319)
C2'-C3'-C4',102.97614285714285,0.8157484147643015,7,102.976(816)
C3'-C4'-O4',104.72485714285713,1.1476553531107692,7,104.725(1148)
C1'-O4'-C4',108.24828571428573,1.433569637220986,7,108.248(1434)
