,Mean,Standard deviation,N,Formatted
C1'-C2'-C3',103.11437037037037,1.104521168378411,27,103.114(1105)
C2'-C3'-C4',102.17688888888887,0.8296211059798206,27,102.177(830)
C3'-C4'-O4',104.85818518518518,0.8163833958397545,27,104.858(816)
C1'-O4'-C4',110.12337037037035,0.6994944959451443,27,110.123(699)
