,Mean,Standard deviation,N,Formatted
C4'-C5'-O5',112.50273134328357,1.9151214344130154,67,112.5(19)
