,Mean,Standard deviation,N,Formatted
C4'-C5'-O5',110.88955555555555,1.5194545987879253,9,110.9(15)
