,Mean,Standard deviation,N,Formatted
C4'-C5'-O5',109.87365000000003,1.6608877865387786,20,109.9(17)
