,Mean,Standard deviation,N,Formatted
C4'-C5'-O5',110.03267567567568,1.9365955100819767,37,110.0(19)
