,Mean,Standard deviation,N,Formatted
C3'-O3',1.418455,0.004461843789287142,2,1.418(4)
