,Mean,Standard deviation,N,Formatted
C3'-O3',1.4223966666666668,0.007952606490956318,9,1.422(8)
