,Mean,Standard deviation,N,Formatted
C4'-C5',1.5086249999999997,0.01014650344809593,46,1.509(10)
