,Mean,Standard deviation,N,Formatted
C5'-O5',1.421095328185328,0.010719539618842727,259,1.421(11)
