,Mean,Standard deviation,N,Formatted
C2'-C3'-O3',109.98792682926829,2.3932038480949727,123,110.0(24)
