,Mean,Standard deviation,N,Formatted
C3'-O3',1.417514736842105,0.004306436227608188,19,1.418(4)
