,Mean,Standard deviation,N,Formatted
C4'-C5',1.50981131147541,0.009030269270943518,183,1.510(9)
