,Mean,Standard deviation,N,Formatted
C2'-C3'-O3',113.38120338983049,1.8255328063020024,59,113.4(18)
