,Mean,Standard deviation,N,Formatted
C3'-O3',1.4137613953488373,0.006103499613373782,43,1.414(6)
