,Mean,Standard deviation,N,Formatted
C4'-C3'-O3',110.73842162162163,2.427107261376311,185,110.7(24)
