,Mean,Standard deviation,N,Formatted
C4'-C5'-O5',111.6132109375,1.6936538456413714,128,111.6(17)
