,Mean,Standard deviation,N,Formatted
C3'-O3',1.4257065000000002,0.007793385485347974,100,1.426(8)
