,Mean,Standard deviation,N,Formatted
C2'-C3'-O3',113.75766666666668,1.0859716079775446,3,113.8(11)
