,Mean,Standard deviation,N,Formatted
C2'-C3'-O3',109.61166666666666,1.228125536471471,3,109.6(12)
