,Mean,Standard deviation,N,Formatted
C4'-C5',1.5198106666666669,0.007911433425781617,30,1.520(8)
