,Mean,Standard deviation,N,Formatted
C4'-C3'-O3',109.56190540540541,2.003999536330838,74,109.6(20)
