,Mean,Standard deviation,N,Formatted
C2'-C3'-O3',110.13887301587302,2.0734143999542236,63,110.1(21)
