,Mean,Standard deviation,N,Formatted
C3'-O3',1.42164523255814,0.007787694173085874,86,1.422(8)
