,Mean,Standard deviation,N,Formatted
C4'-C5'-O5',110.95570000000001,0.8739146983544777,10,111.0(9)
