,Mean,Standard deviation,N,Formatted
C1'-C2'-O2',107.65666666666668,1.6454216278307918,13,107.7(16)
C3'-C2'-O2',111.90033333333334,1.0728654777432864,13,111.9(11)
