,Mean,Standard deviation,N,Formatted
C4'-C5'-O5',110.48546666666667,2.3438945571928116,15,110.5(23)
