,Mean,Standard deviation,N,Formatted
C1'-C2'-O2',111.96411538461535,2.0790785107941336,223,112.0(21)
C3'-C2'-O2',113.62110256410259,2.5102666624517638,223,113.6(25)
