,Mean,Standard deviation,N,Formatted
C1'-C2'-O2',109.8575,2.7494111490765922,6,109.9(27)
C3'-C2'-O2',110.02525,1.9914492838131745,6,110.0(20)
