,Mean,Standard deviation,N,Formatted
C4'-C5'-O5',110.62895402298851,1.904011850973416,261,110.6(19)
