,Mean,Standard deviation,N,Formatted
C3'-C4',1.5198817307692314,0.008682797907335319,104,1.520(9)
C2'-O2',1.416028831168831,0.008373307837537905,104,1.416(8)
C2'-C1'-O4',107.26231730769231,0.5953191077782439,104,107.3(6)
