,Mean,Standard deviation,N,Formatted
C4'-O4',1.4453629816513762,0.009378989894303632,218,1.445(9)
