,Mean,Standard deviation,N,Formatted
C1'-C2'-O2',112.5408846153846,2.108424564286824,73,112.5(21)
C3'-C2'-O2',114.06751923076921,1.8730994078744965,73,114.1(19)
