,Mean,Standard deviation,N,Formatted
C4'-C5',1.508745352112676,0.010189853893665293,71,1.509(10)
C3'-C4'-C5',113.79788732394368,1.306484252261944,71,113.8(13)
C5'-C4'-O4',109.90867605633802,1.1826375821460384,71,109.9(12)
