,Mean,Standard deviation,N,Formatted
C3'-O3',1.4179359090909092,0.004834840480050246,22,1.418(5)
