,Mean,Standard deviation,N,Formatted
C3'-O3',1.4216515384615382,0.007818623282044294,117,1.422(8)
