,Mean,Standard deviation,N,Formatted
C2'-C3'-O3',109.6902411764706,2.3951046759892045,170,109.7(24)
