,Mean,Standard deviation,N,Formatted
C3'-O3',1.4218375,0.010207767304035378,16,1.422(10)
