,Mean,Standard deviation,N,Formatted
C4'-C3'-O3',110.89495185185184,2.3652766575642095,270,110.9(24)
