,Mean,Standard deviation,N,Formatted
C3'-O3',1.4253629166666666,0.008223819922070545,120,1.425(8)
