,Mean,Standard deviation,N,Formatted
C2'-C3'-O3',113.64619101123594,1.9393488063382398,89,113.6(19)
