,Mean,Standard deviation,N,Formatted
C2'-C3'-O3',110.27283582089554,2.1278543866577517,67,110.3(21)
