,Mean,Standard deviation,N,Formatted
C3'-O3',1.413337361111111,0.007606163363167963,72,1.413(8)
