,Mean,Standard deviation,N,Formatted
C2'-C3'-O3',112.68181818181819,2.2985921699240954,11,112.7(23)
