,Mean,Standard deviation,N,Formatted
C3'-O3',1.4181050000000002,0.006870480332553215,4,1.418(7)
