,Mean,Standard deviation,N,Formatted
C2'-C3'-O3',112.63077777777778,1.7792318411169623,9,112.6(18)
