,Mean,Standard deviation,N,Formatted
C4'-C3'-O3',109.68919753086418,2.12853844468307,81,109.7(21)
