,Mean,Standard deviation,N,Formatted
C1'-C2',1.524872291666667,0.011784376718489257,432,1.525(12)
C2'-C3',1.5230645370370368,0.010667920416054178,432,1.523(11)
