,Mean,Standard deviation,N,Formatted
N1-C1'-C2'/N9-C1'-C2',113.57769721115548,1.2777837046825231,251,113.578(1278)
C1'-N1-C2/C1'-N9-C4,117.89473705179284,1.4913223858648652,251,117.895(1491)
C1'-N1-C6/C1'-N9-C8,120.74226294820724,1.4328430181222476,251,120.742(1433)
N1-C1'-O4'/N9-C1'-O4',108.06198804780882,0.7520263531662795,251,108.062(752)
