,Mean,Standard deviation,N,Formatted
C1'-C2'-C3',102.28138614457828,0.9857333359303815,166,102.3(10)
C2'-C3'-C4',102.92427710843374,0.9378416783522789,166,102.9(9)
C3'-C4'-O4',105.91913855421687,0.7752278641099295,166,105.9(8)
C1'-O4'-C4',109.93149999999999,0.7058432974861071,166,109.9(7)
