,Mean,Standard deviation,N,Formatted
C1'-C2'-C3',103.85191999999999,1.3762104647666853,25,103.9(14)
C2'-C3'-C4',103.23883199999999,1.347636773120513,25,103.2(13)
C3'-C4'-O4',105.47452,1.6420812281979216,25,105.5(16)
C1'-O4'-C4',108.20947999999997,1.5294875536161336,25,108.2(15)
